lambda_vac_A,A_ul,upper_id,lower_id,g_upper,g_lower,E_cm1,E_lower_cm1
2501.8858,68000000.0,x5Do_J3,a5D_J4,7.0,9.0,39969.84994279115,0.0
2523.60829,213000000.0,x5Do_J4,a5D_J4,9.0,9.0,39625.80103903526,0.0
2528.19462,193000000.0,x5Do_J3,a5D_J3,7.0,7.0,39553.91693698011,415.93
2546.74272,72000000.0,x5Do_J3,a5D_J2,7.0,5.0,39265.84307660256,704.01
2550.37839,23100000.0,x5Do_J4,a5D_J3,9.0,7.0,39209.86799139245,415.93
2611.53023,360000.0,y3Do_J1,a5D_J2,3.0,5.0,38291.72599698377,704.01
2613.55211,510000.0,y3Do_J2,a5D_J3,5.0,7.0,38262.102989023624,415.93
2619.49124,521000.0,y3Do_J3,a5D_J4,7.0,9.0,38175.35194353237,0.0
2624.14839,860000.0,y3Do_J1,a5D_J1,3.0,3.0,38107.60107205676,888.13
2630.35659,2000000.0,y3Do_J1,a5D_J0,3.0,1.0,38017.65904295129,978.07
2633.37872,900000.0,y3Do_J2,a5D_J2,5.0,5.0,37974.029045089264,704.01
2646.20942,338000.0,y3Do_J2,a5D_J1,5.0,3.0,37789.90402052155,888.13
2648.34583,520000.0,y3Do_J3,a5D_J3,7.0,7.0,37759.419055931976,415.93
2668.70591,169000.0,y3Do_J3,a5D_J2,7.0,5.0,37471.3450535282,704.01
2690.86696,253000.0,y3Fo_J3,a5D_J4,7.0,9.0,37162.74401020554,0.0
2695.03823,32140.0,y3Fo_J2,a5D_J3,5.0,7.0,37105.22503422892,415.93
2716.12543,14030.0,y3Fo_J2,a5D_J2,5.0,5.0,36817.15096640437,704.01
2719.83295,142000000.0,y5Po_J3,a5D_J4,7.0,9.0,36766.96394166414,0.0
2721.70824,104000000.0,y5Po_J2,a5D_J3,5.0,7.0,36741.63105741268,415.93
2724.38401,56900000.0,y5Po_J1,a5D_J2,3.0,5.0,36705.545045391744,704.01
2725.82254,31000.0,y3Fo_J4,a5D_J4,9.0,9.0,36686.17400162815,0.0
2729.77722,156000.0,y3Fo_J2,a5D_J1,5.0,3.0,36633.02604598627,888.13
2738.11916,72500000.0,y5Po_J1,a5D_J1,3.0,3.0,36521.420053902984,888.13
2742.82677,410000.0,y3Fo_J3,a5D_J2,7.0,5.0,36458.73705687946,704.01
2743.21653,47000000.0,y5Po_J2,a5D_J2,5.0,5.0,36453.5569490754,704.01
2744.87903,30900000.0,y5Po_J1,a5D_J0,3.0,1.0,36431.478002147145,978.07
2750.95361,27400000.0,y5Po_J3,a5D_J3,7.0,7.0,36351.0310157502,415.93
2757.08121,660000.0,y3Fo_J4,a5D_J3,9.0,7.0,36270.24102057553,415.93
2757.14271,14100000.0,y5Po_J2,a5D_J1,5.0,3.0,36269.43198743601,888.13
2772.92847,4120000.0,y5Po_J3,a5D_J2,7.0,5.0,36062.95693592125,704.01
2795.82936,93000.0,z3Go_J4,a5D_J4,9.0,9.0,35767.56200886308,0.0
2803.99222,60000.0,z3Go_J3,a5D_J3,7.0,7.0,35663.437040492216,415.93
2808.07196,167000.0,z5Go_J3,a5D_J4,7.0,9.0,35611.623001285196,0.0
2821.63325,61000.0,z5Go_J2,a5D_J3,5.0,7.0,35440.4669706809,415.93
2826.51906,88000.0,z3Go_J5,a5D_J4,11.0,9.0,35379.20596933813,0.0
2828.72396,148000.0,z3Go_J4,a5D_J3,9.0,7.0,35351.62900801392,415.93
2836.29029,324000.0,z5Go_J4,a5D_J4,9.0,9.0,35257.321985895884,0.0
2841.25698,412000.0,z5Go_J3,a5D_J3,7.0,7.0,35195.69004279226,415.93
2844.75654,273000.0,z5Go_J2,a5D_J2,5.0,5.0,35152.39304098761,704.01
2859.73558,212000.0,z5Go_J2,a5D_J1,5.0,3.0,34968.26794035272,888.13
2864.70437,570000.0,z5Go_J3,a5D_J2,7.0,5.0,34907.61596457508,704.01
2870.14964,925000.0,z5Go_J4,a5D_J3,9.0,7.0,34841.38896674391,415.93
2875.01568,930000.0,z5Go_J5,a5D_J4,11.0,9.0,34782.41899536353,0.0
2913.01023,2600000.0,y5Fo_J3,a5D_J4,7.0,9.0,34328.75002296165,0.0
2929.86409,5100000.0,y5Fo_J2,a5D_J3,5.0,7.0,34131.27603471873,415.93
2937.76227,14000000.0,y5Fo_J4,a5D_J4,9.0,9.0,34039.51402779776,0.0
2942.20287,5120000.0,y5Fo_J1,a5D_J2,3.0,5.0,33988.13896201522,704.01
2948.73764,18300000.0,y5Fo_J3,a5D_J3,7.0,7.0,33912.81701141781,415.93
2954.80315,18900000.0,y5Fo_J2,a5D_J2,5.0,5.0,33843.20204207174,704.01
2958.22857,17700000.0,y5Fo_J1,a5D_J1,3.0,3.0,33804.01400152795,888.13
2966.1205,11600000.0,y5Fo_J1,a5D_J0,3.0,1.0,33714.071967069445,978.07
2967.76459,27200000.0,y5Fo_J5,a5D_J4,11.0,9.0,33695.3949571856,0.0
2970.22677,3660000.0,z3Po_J0,a5D_J1,1.0,3.0,33667.463040204166,888.13
2970.96679,10800000.0,y5Fo_J2,a5D_J1,5.0,3.0,33659.077017148345,888.13
2970.98559,3430000.0,z3Po_J1,a5D_J2,3.0,5.0,33658.86402700459,704.01
2974.00043,13500000.0,y5Fo_J3,a5D_J2,7.0,5.0,33624.74295271033,704.01
2974.1032,18300000.0,y5Fo_J4,a5D_J3,9.0,7.0,33623.58105125606,415.93
2982.31505,6530000.0,z3Po_J2,a5D_J3,5.0,7.0,33530.998007738985,415.93
2984.44023,27900000.0,y5Do_J3,a5D_J4,7.0,9.0,33507.12103220777,0.0
2987.32725,219000.0,z3Po_J1,a5D_J1,3.0,3.0,33474.738999552195,888.13
2995.30004,43900000.0,y5Do_J2,a5D_J3,5.0,7.0,33385.637052907725,415.93
2995.37541,1490000.0,z3Po_J1,a5D_J0,3.0,1.0,33384.7969994519,978.07
3001.82265,64200000.0,y5Do_J1,a5D_J2,3.0,5.0,33313.09396309605,704.01
3008.15897,2730000.0,z3Po_J2,a5D_J2,5.0,5.0,33242.923993474986,704.01
3009.0148,107000000.0,y5Do_J0,a5D_J1,1.0,3.0,33233.46897462917,888.13
3018.50625,6810000.0,y5Do_J1,a5D_J1,3.0,3.0,33128.969005778934,888.13
3021.37049,19400000.0,y5Do_J2,a5D_J2,5.0,5.0,33097.56295395604,704.01
3021.51874,75900000.0,y5Do_J4,a5D_J4,9.0,9.0,33095.939030978836,0.0
3021.95255,45500000.0,y5Do_J3,a5D_J3,7.0,7.0,33091.18801352457,415.93
3024.91328,4870000.0,z3Po_J2,a5D_J1,5.0,3.0,33058.798961668086,888.13
3026.72352,34800000.0,y5Do_J1,a5D_J0,3.0,1.0,33039.026967352474,978.07
3038.2727,29100000.0,y5Do_J2,a5D_J1,5.0,3.0,32913.43795440087,888.13
3048.49107,28400000.0,y5Do_J3,a5D_J2,7.0,5.0,32803.113968118,704.01
3058.33471,31300000.0,x5Do_J4,a5F_J5,9.0,11.0,32697.532965579165,6928.27
3059.97496,16300000.0,y5Do_J4,a5D_J3,9.0,7.0,32680.005982794053,415.93
3068.13537,31200000.0,x5Do_J3,a5F_J4,7.0,9.0,32593.086008457314,7376.76
3100.86779,8200000.0,x5Do_J4,a5F_J4,9.0,9.0,32249.036970389505,7376.76
3101.56467,13500000.0,x5Do_J3,a5F_J3,7.0,7.0,32241.79104413128,7728.06
3126.55683,2120000.0,x5Do_J3,a5F_J2,7.0,5.0,31984.065998889902,7985.78
3135.01815,790000.0,x5Do_J4,a5F_J3,9.0,7.0,31897.74196363106,7728.06
3144.1529,12700.0,z3Fo_J3,a5D_J4,7.0,9.0,31805.069021929565,0.0
3152.77834,13700.0,z3Fo_J2,a5D_J3,5.0,7.0,31718.056017855033,415.93
3181.67538,123000.0,z3Fo_J2,a5D_J2,5.0,5.0,31429.98202412466,704.01
3185.81563,235000.0,z3Fo_J3,a5D_J3,7.0,7.0,31389.135974576155,415.93
3192.58187,237000.0,z3Do_J3,a5D_J4,7.0,9.0,31322.61100010569,0.0
3194.14903,443000.0,z3Fo_J4,a5D_J4,9.0,9.0,31307.243043697308,0.0
3197.91077,194000.0,z3Do_J2,a5D_J3,5.0,7.0,31270.415965983942,415.93
3200.4243,123000.0,z3Fo_J2,a5D_J1,5.0,3.0,31245.85699464911,888.13
3201.70935,59000.0,z3Do_J1,a5D_J2,3.0,5.0,31233.316041007907,704.01
3215.32429,222000.0,z3Fo_J3,a5D_J2,7.0,5.0,31101.06197095286,704.01
3220.69583,18000.0,z3Do_J1,a5D_J1,3.0,3.0,31049.19100665274,888.13
3224.77151,57300.0,y3Do_J1,a5F_J2,3.0,5.0,31009.94898085043,7985.78
3227.64496,14600.0,z3Do_J2,a5D_J2,5.0,5.0,30982.341998359076,704.01
3230.05251,167000.0,z3Do_J1,a5D_J0,3.0,1.0,30959.249018524468,978.07
3231.02017,109500.0,y3Do_J2,a5F_J3,5.0,7.0,30949.97701608282,7728.06
3235.5467,115000.0,z3Do_J3,a5D_J3,7.0,7.0,30906.67799664273,415.93
3237.15634,218000.0,z3Fo_J4,a5D_J3,9.0,7.0,30891.309994623247,415.93
3242.43491,4674.0,y3Do_J1,a5F_J1,3.0,3.0,30841.02002837121,8154.71
3246.9021,155000.0,y3Do_J3,a5F_J4,7.0,9.0,30798.587983296446,7376.76
3246.94121,168000.0,z3Do_J2,a5D_J1,5.0,3.0,30798.217008678144,888.13
3258.15128,13820.0,y3Do_J2,a5F_J2,5.0,5.0,30692.251957066892,7985.78
3265.98822,89000.0,z3Do_J3,a5D_J2,7.0,5.0,30618.604007089772,704.01
3284.36423,6095.0,y3Do_J3,a5F_J3,7.0,7.0,30447.292991009097,7728.06
3312.40248,1746.0,y3Do_J3,a5F_J2,7.0,5.0,30189.568026165707,7985.78
3356.48198,6939.0,y3Fo_J2,a5F_J3,5.0,7.0,29793.099023281513,7728.06
3357.2842,8708.0,y3Fo_J3,a5F_J4,7.0,9.0,29785.979989421212,7376.76
3360.4515,16470.0,y3Fo_J4,a5F_J5,9.0,11.0,29757.906043280196,6928.27
3385.77057,3375.0,y3Fo_J2,a5F_J2,5.0,5.0,29535.373981350425,7985.78
3397.35248,20060.0,y3Fo_J3,a5F_J3,7.0,7.0,29434.684975637265,7728.06
3397.95046,430000.0,y5Po_J2,a5F_J3,5.0,7.0,29429.504984601805,7728.06
3398.61299,129000.0,y5Po_J1,a5F_J2,3.0,5.0,29423.767958940214,7985.78
3402.49471,720000.0,y5Po_J3,a5F_J4,7.0,9.0,29390.199992404985,7376.76
3405.24704,302000.0,y3Fo_J2,a5F_J1,5.0,3.0,29366.44502596792,8154.71
3411.87352,31000.0,y3Fo_J4,a5F_J4,9.0,9.0,29309.410039326427,7376.76
3418.23792,81630.0,y5Po_J1,a5F_J1,3.0,3.0,29254.838996110604,8154.71
3427.36186,999000.0,y3Fo_J3,a5F_J2,7.0,5.0,29176.960030710034,7985.78
3427.97046,280000.0,y5Po_J2,a5F_J2,5.0,5.0,29171.779969189112,7985.78
3441.59182,17100000.0,z5Po_J3,a5D_J4,7.0,9.0,29056.321966734566,0.0
3441.97479,12400000.0,z5Po_J2,a5D_J3,5.0,7.0,29053.089026256344,415.93
3443.65602,175000.0,y5Po_J3,a5F_J3,7.0,7.0,29038.90499493036,7728.06
3444.86343,7920000.0,z5Po_J1,a5D_J2,3.0,5.0,29028.726982073713,704.01
3447.93689,19530.0,y5Po_J2,a5F_J1,5.0,3.0,29002.851035362197,8154.71
3453.26345,749000.0,y3Fo_J4,a5F_J3,9.0,7.0,28958.114968031183,7728.06
3466.85317,11900000.0,z5Po_J1,a5D_J1,3.0,3.0,28844.602034299594,888.13
3467.49126,124000.0,z3Go_J4,a5F_J5,9.0,11.0,28839.29403184711,6928.27
3474.49271,18000.0,y5Po_J3,a5F_J2,7.0,5.0,28781.179972600952,7985.78
3476.44526,9750000.0,z5Po_J2,a5D_J2,5.0,5.0,28765.014985450973,704.01
3477.69718,5720000.0,z5Po_J1,a5D_J0,3.0,1.0,28754.66000176588,978.07
3484.00421,145000.0,z3Go_J3,a5F_J4,7.0,9.0,28702.60595925055,7376.76
3491.57269,6140000.0,z5Po_J3,a5D_J3,7.0,7.0,28640.38898184875,415.93
3498.84136,3080000.0,z5Po_J2,a5D_J1,5.0,3.0,28580.889989250616,888.13
3514.8226,3400000.0,z3Go_J5,a5F_J5,11.0,11.0,28450.938035962325,6928.27
3522.26803,6140000.0,z3Go_J4,a5F_J4,9.0,9.0,28390.79795980205,7376.76
3527.04885,1140000.0,z5Po_J3,a5D_J2,7.0,5.0,28352.314995580513,704.01
3527.17375,4140000.0,z3Go_J3,a5F_J3,7.0,7.0,28351.31101778017,7728.06
3529.94491,9279.0,z5Go_J4,a5F_J5,9.0,11.0,28329.054007814528,6928.27
3541.72125,245000.0,z5Go_J3,a5F_J4,7.0,9.0,28234.85896864413,7376.76
3555.13324,657000.0,z5Go_J2,a5F_J3,5.0,7.0,28128.34097886019,7728.06
3559.53135,17700000.0,z3Go_J3,a5F_J2,7.0,5.0,28093.585971647644,7985.78
3566.39702,42900000.0,z3Go_J4,a5F_J3,9.0,7.0,28039.503016408424,7728.06
3571.11712,67600000.0,z3Go_J5,a5F_J4,11.0,9.0,28002.441992157343,7376.76
3572.24355,230000.0,x5Do_J3,a3F_J4,7.0,9.0,27993.612025697406,11976.24
3582.21526,102000000.0,z5Go_J6,a5F_J5,13.0,11.0,27915.687009830894,6928.27
3586.34212,11700000.0,z5Go_J3,a5F_J3,7.0,7.0,27883.563991937277,7728.06
3586.72879,3750000.0,z5Go_J4,a5F_J4,9.0,9.0,27880.55798330935,7376.76
3588.00824,16600000.0,z5Go_J2,a5F_J2,5.0,5.0,27870.616038496053,7985.78
3590.12917,361000.0,z5Go_J5,a5F_J5,11.0,11.0,27854.150997023873,6928.27
3609.88845,81300000.0,z5Go_J2,a5F_J1,5.0,3.0,27701.6870147331,8154.71
3616.69369,110000.0,x5Do_J4,a3F_J4,9.0,9.0,27649.5629907768,11976.24
3619.79957,72200000.0,z5Go_J3,a5F_J2,7.0,5.0,27625.83896323298,7985.78
3632.49826,51700000.0,z5Go_J4,a5F_J3,9.0,7.0,27529.263014705477,7728.06
3648.88196,29100000.0,z5Go_J5,a5F_J4,11.0,9.0,27405.654963966,7376.76
3650.34259,45000.0,z5Fo_J3,a5D_J4,7.0,9.0,27394.68900095758,0.0
3680.96109,1380000.0,z5Fo_J4,a5D_J4,9.0,9.0,27166.818000784682,0.0
3684.10318,265000.0,z5Fo_J2,a5D_J3,5.0,7.0,27143.64802345194,415.93
3688.50624,8000000.0,y5Fo_J4,a5F_J5,9.0,11.0,27111.245987752485,6928.27
3694.82681,9501.0,x5Do_J4,a3F_J3,9.0,7.0,27064.868028279787,12560.93
3706.62013,3210000.0,z5Fo_J3,a5D_J3,7.0,7.0,26978.755980586553,415.93
3708.87704,633000.0,z5Fo_J1,a5D_J2,3.0,5.0,26962.338983338203,704.01
3710.30172,15600000.0,y5Fo_J3,a5F_J4,7.0,9.0,26951.985996438045,7376.76
3720.99281,16200000.0,z5Fo_J5,a5D_J4,11.0,9.0,26874.548032249484,0.0
3723.62177,4970000.0,z5Fo_J2,a5D_J2,5.0,5.0,26855.574002082383,704.01
3728.67895,22400000.0,y5Fo_J2,a5F_J3,5.0,7.0,26819.14998340096,7728.06
3734.379,6480000.0,z5Fo_J1,a5D_J1,3.0,3.0,26778.213994883754,888.13
3735.92579,90100000.0,y5Fo_J5,a5F_J5,11.0,11.0,26767.126977648022,6928.27
3738.19408,14100000.0,z5Fo_J4,a5D_J3,9.0,7.0,26750.885015579497,415.93
3744.42614,26000000.0,y5Fo_J1,a5F_J2,3.0,5.0,26706.36200611504,7985.78
3746.62588,11500000.0,z5Fo_J3,a5D_J2,7.0,5.0,26690.682017068648,704.01
3746.96421,7320000.0,z5Fo_J1,a5D_J0,3.0,1.0,26688.27199713231,978.07
3749.3276,9150000.0,z5Fo_J2,a5D_J1,5.0,3.0,26671.44903528835,888.13
3750.55086,76300000.0,y5Fo_J4,a5F_J4,9.0,9.0,26662.750015340414,7376.76
3759.30084,63400000.0,y5Fo_J3,a5F_J3,7.0,7.0,26600.69099444566,7728.06
3764.85825,54400000.0,y5Fo_J2,a5F_J2,5.0,5.0,26561.424988576924,7985.78
3768.26199,63900000.0,y5Fo_J1,a5F_J1,3.0,3.0,26537.432977158787,8154.71
3787.75224,2770000.0,z3Po_J0,a5F_J1,1.0,3.0,26400.88201756301,8154.71
3788.95577,12900000.0,y5Fo_J2,a5F_J1,5.0,3.0,26392.495998970186,8154.71
3791.16921,2680000.0,z3Po_J1,a5F_J2,3.0,5.0,26377.086977871924,7985.78
3796.07976,11500000.0,y5Fo_J3,a5F_J2,7.0,5.0,26342.965986573476,7985.78
3799.58973,3230000.0,y5Fo_J5,a5F_J4,11.0,9.0,26318.63098545642,7376.76
3800.626,7310000.0,y5Fo_J4,a5F_J3,9.0,7.0,26311.455007675053,7728.06
3814.04661,7910000.0,z3Po_J2,a5F_J3,5.0,7.0,26218.87203418314,7728.06
3815.60581,624000.0,z3Po_J1,a5F_J1,3.0,3.0,26208.158017245496,8154.71
3816.92297,112000000.0,y3Do_J3,a3F_J4,7.0,9.0,26199.11399469505,11976.24
3821.50937,66700000.0,y5Do_J4,a5F_J5,9.0,11.0,26167.67102156811,6928.27
3825.5288,2830000.0,z5Do_J3,a5D_J4,7.0,9.0,26140.177012913875,0.0
3826.96647,59700000.0,y5Do_J3,a5F_J4,7.0,9.0,26130.356976971372,7376.76
3828.90859,105000000.0,y3Do_J2,a3F_J3,5.0,7.0,26117.102994093675,12560.93
3835.3101,45200000.0,y5Do_J2,a5F_J3,5.0,7.0,26073.510978942744,7728.06
3841.52673,47000000.0,y5Do_J1,a5F_J2,3.0,5.0,26031.316981100375,7985.78
3842.13733,136000000.0,y3Do_J1,a3F_J2,3.0,5.0,26027.180033150977,12968.55
3851.05832,60500000.0,y5Do_J0,a5F_J1,1.0,3.0,25966.887980029343,8154.71
3851.90993,1660000.0,z3Po_J2,a5F_J2,5.0,5.0,25961.147019862947,7985.78
3857.46497,4640000.0,z5Do_J2,a5D_J3,5.0,7.0,25923.761013440904,415.93
3861.0058,9690000.0,z5Do_J4,a5D_J4,9.0,9.0,25899.986993026534,0.0
3866.61897,15500000.0,y5Do_J1,a5F_J1,3.0,3.0,25862.38798699112,8154.71
3873.59889,10500000.0,y5Do_J2,a5F_J2,5.0,5.0,25815.78600152893,7985.78
3877.13845,115000.0,z3Po_J2,a5F_J1,5.0,3.0,25792.217969415047,8154.71
3879.11709,7720000.0,y5Do_J3,a5F_J3,7.0,7.0,25779.062008154022,7728.06
3879.67243,6170000.0,z5Do_J1,a5D_J2,3.0,5.0,25775.371968710253,704.01
3887.38343,5290000.0,z5Do_J3,a5D_J3,7.0,7.0,25724.244032186965,415.93
3888.1496,3520000.0,y5Do_J4,a5F_J4,9.0,9.0,25719.17500293713,7376.76
3889.61536,25000000.0,y3Do_J2,a3F_J2,5.0,5.0,25709.483006566494,12968.55
3896.76002,9390000.0,z5Do_J0,a5D_J1,1.0,3.0,25662.344996035965,888.13
3899.11325,800000.0,y5Do_J2,a5F_J1,5.0,3.0,25646.857012937493,8154.71
3900.81218,2580000.0,z5Do_J2,a5D_J2,5.0,5.0,25635.68697634655,704.01
3904.05107,21400000.0,y3Do_J3,a3F_J3,7.0,7.0,25614.419024492934,12560.93
3907.58606,832000.0,z5Do_J1,a5D_J1,3.0,3.0,25591.246990987573,888.13
3918.29002,434000.0,y5Do_J3,a5F_J2,7.0,5.0,25521.336983626345,7985.78
3921.36795,2600000.0,z5Do_J1,a5D_J0,3.0,1.0,25501.304971904,978.07
3924.02245,1080000.0,z5Do_J4,a5D_J3,9.0,7.0,25484.05399668394,415.93
3929.03194,2600000.0,z5Do_J2,a5D_J1,5.0,3.0,25451.5619946831,888.13
3931.40948,1990000.0,z5Do_J3,a5D_J2,7.0,5.0,25436.17003233151,704.01
3941.99279,120000.0,y5Do_J4,a5F_J3,9.0,7.0,25367.879985391857,7728.06
3967.18362,1320000.0,y3Do_J3,a3F_J2,7.0,5.0,25206.798973423873,12968.55
3970.38001,22600000.0,y3Fo_J3,a3F_J4,7.0,9.0,25186.506014067905,11976.24
4006.37414,20400000.0,y3Fo_J2,a3F_J3,5.0,7.0,24960.225007842128,12560.93
4033.7665,246000.0,y5Po_J3,a3F_J4,7.0,9.0,24790.725987733797,11976.24
4046.95504,86200000.0,y3Fo_J4,a3F_J4,9.0,9.0,24709.935991777165,11976.24
4064.74141,66500000.0,y3Fo_J3,a3F_J3,7.0,7.0,24601.811016558615,12560.93
4065.59744,28410.0,y5Po_J2,a3F_J3,5.0,7.0,24596.63099354962,12560.93
4072.88758,76400000.0,y3Fo_J2,a3F_J2,5.0,5.0,24552.605009539693,12968.55
4091.48579,1501.0,y5Po_J1,a3F_J2,3.0,5.0,24440.99897509359,12968.55
4101.89518,29200.0,z3Fo_J4,a5F_J5,9.0,11.0,24378.974988824553,6928.27
4131.20185,7370.0,y5Po_J3,a3F_J3,7.0,7.0,24206.030988294602,12560.93
4133.22355,11800000.0,y3Fo_J3,a3F_J2,7.0,5.0,24194.19099651651,12968.55
4134.10867,1522.0,y5Po_J2,a3F_J2,5.0,5.0,24189.01097730457,12968.55
4135.50221,1060.0,z7Po_J3,a5D_J4,7.0,9.0,24180.860007326657,0.0
4141.09455,18300.0,z3Fo_J2,a5F_J2,5.0,5.0,24148.204971557578,7985.78
4145.03631,13300000.0,y3Fo_J4,a3F_J3,9.0,7.0,24125.241016284366,12560.93
4148.83842,436000.0,z3Go_J3,a3F_J4,7.0,9.0,24103.131979769892,11976.24
4153.33964,32400.0,z3Fo_J3,a5F_J3,7.0,7.0,24077.00998900249,7728.06
4173.92059,64600.0,z3Do_J2,a5F_J3,5.0,7.0,23958.290016245854,7728.06
4175.09706,65000.0,z3Do_J1,a5F_J2,3.0,5.0,23951.53898529966,7985.78
4176.08949,58700.0,z3Do_J3,a5F_J4,7.0,9.0,23945.847003388808,7376.76
4178.77135,37100.0,z3Fo_J4,a5F_J4,9.0,9.0,23930.47899115131,7376.76
4201.96121,6530.0,y5Po_J3,a3F_J2,7.0,5.0,23798.411028168437,12968.55
4203.2129,8220000.0,z3Go_J4,a3F_J4,9.0,9.0,23791.32401311387,11976.24
4204.75297,17000.0,z3Do_J1,a5F_J1,3.0,3.0,23782.609992424837,8154.71
4207.88164,5900.0,z7Po_J3,a5D_J3,7.0,7.0,23764.92700018055,415.93
4217.37106,18400.0,z7Po_J4,a5D_J4,9.0,9.0,23711.45402605385,0.0
4230.94441,19900.0,z5Go_J3,a3F_J4,7.0,9.0,23635.384989612754,11976.24
4238.26653,2220.0,z3Do_J3,a5F_J3,7.0,7.0,23594.551992462824,7728.06
4251.98324,10200000.0,z3Go_J3,a3F_J3,7.0,7.0,23518.437010584264,12560.93
4259.51468,2540.0,z7Po_J3,a5D_J2,7.0,5.0,23476.85300147856,704.01
4272.9623,22800000.0,z3Go_J5,a3F_J4,11.0,9.0,23402.968006527928,11976.24
4292.67068,3350.0,z7Po_J4,a5D_J3,9.0,7.0,23295.52100651709,415.93
4292.68063,9556.0,z5Go_J2,a3F_J3,5.0,7.0,23295.467009853,12560.93
4295.33264,3120000.0,z5Go_J4,a3F_J4,9.0,9.0,23281.08400005081,11976.24
4309.11357,33800000.0,z3Go_J4,a3F_J3,9.0,7.0,23206.629014421633,12560.93
4326.97814,51600000.0,z3Go_J3,a3F_J2,7.0,5.0,23110.81701004387,12968.55
4338.26493,1020000.0,z5Go_J3,a3F_J3,7.0,7.0,23050.689990940686,12560.93
4369.13092,91000.0,z5Go_J2,a3F_J2,5.0,5.0,22887.84699543863,12968.55
4377.15933,29500.0,z7Fo_J5,a5D_J4,11.0,9.0,22845.86702490448,0.0
4384.77621,50000000.0,z5Go_J5,a3F_J4,11.0,9.0,22806.1810251429,11976.24
4390.47767,1810.0,z7Fo_J2,a5D_J3,5.0,7.0,22776.56499275624,415.93
4405.98723,27500000.0,z5Go_J4,a3F_J3,9.0,7.0,22696.38897705112,12560.93
4416.36227,11900000.0,z5Go_J3,a3F_J2,7.0,5.0,22643.069994346275,12968.55
4428.55302,34100.0,z7Fo_J4,a5D_J3,9.0,7.0,22580.739024323568,415.93
4436.39407,4720.0,z7Fo_J1,a5D_J2,3.0,5.0,22540.8289755468,704.01
4460.36895,2520000.0,x5Do_J3,a5P_J3,7.0,7.0,22419.670014069125,17550.18
4462.905,29500.0,z7Fo_J3,a5D_J2,7.0,5.0,22406.930015315138,704.01
4467.8261,10460.0,z7Fo_J0,a5D_J1,1.0,3.0,22382.249837342595,888.13
4483.42715,20900.0,z7Fo_J2,a5D_J1,5.0,3.0,22304.36598038623,888.13
4490.99874,11900.0,z7Fo_J1,a5D_J0,3.0,1.0,22266.76198087733,978.07
4495.82412,3450000.0,x5Do_J3,a5P_J2,7.0,5.0,22242.86300594873,17726.99
4529.88389,5440000.0,x5Do_J4,a5P_J3,9.0,7.0,22075.62101553115,17550.18
4532.41849,252000.0,y5Fo_J4,a3F_J4,9.0,9.0,22063.275979619437,11976.24
4548.29185,15000.0,y5Fo_J2,a3F_J3,5.0,7.0,21986.276012609,12560.93
4593.93792,161000.0,y5Fo_J3,a3F_J3,7.0,7.0,21767.817010465827,12560.93
4599.61226,1242.0,z5Po_J2,a5F_J3,5.0,7.0,21740.963008912408,7728.06
4603.29007,73600.0,y5Fo_J1,a3F_J2,3.0,5.0,21723.593012681908,12968.55
4604.23027,172000.0,y5Fo_J5,a3F_J4,11.0,9.0,21719.156978653893,11976.24
4612.64017,1747.0,z5Po_J3,a5F_J4,7.0,9.0,21679.557978614233,7376.76
4631.4168,87960.0,x5Do_J3,a3P_J2,7.0,5.0,21591.664995471794,18378.19
4634.20891,75900.0,y5Fo_J2,a3F_J2,5.0,5.0,21578.65602135748,12968.55
4655.8011,56400.0,y5Fo_J4,a3F_J3,9.0,7.0,21478.58077528269,12560.93
4674.1382,5088.0,z3Po_J1,a3F_J2,3.0,5.0,21394.318208220713,12968.55
4675.9567,1200.0,z3Po_J2,a3F_J3,5.0,7.0,21385.997864351484,12560.93
4681.6048,7320.0,y5Fo_J3,a3F_J2,7.0,5.0,21360.196828232918,12968.55
4701.7346,3923.0,y3Do_J1,a5P_J2,3.0,5.0,21268.74621974622,17726.99
4734.9155,34100.0,y5Do_J4,a3F_J4,9.0,9.0,21119.701080198793,11976.24
4746.4557,8200.0,y3Do_J1,a5P_J1,3.0,3.0,21068.352117981423,17927.38
4766.8128,2824.0,z3Po_J2,a3F_J2,5.0,5.0,20978.377837703214,12968.55
4773.0307,34000.0,y3Do_J2,a5P_J2,5.0,5.0,20951.048984453417,17726.99
4774.1384,53000.0,y5Do_J3,a3F_J3,7.0,7.0,20946.187902721882,12560.93
4800.0729,4100.0,y5Do_J2,a3F_J2,5.0,5.0,20833.01693188868,12968.55
4819.125,21000.0,y3Do_J2,a5P_J1,5.0,3.0,20750.654942546622,17927.38
4850.2373,62470.0,y3Do_J1,a3P_J2,3.0,5.0,20617.54792904669,18378.19
4890.3665,113000.0,y3Do_J3,a5P_J2,7.0,5.0,20448.365168541048,17726.99
4926.1445,549700.0,y3Do_J2,a3P_J2,5.0,5.0,20299.851131041727,18378.19
4941.0654,13900.0,z5Fo_J4,a5F_J5,9.0,11.0,20238.550171790885,6928.27
4995.5228,31800.0,z5Fo_J3,a5F_J4,7.0,9.0,20017.92485062825,7376.76
5013.4662,55000.0,z5Fo_J5,a5F_J5,11.0,11.0,19946.279881172828,6928.27
5042.4773,42900.0,z5Fo_J2,a5F_J3,5.0,7.0,19831.522097283414,7728.06
5043.1616,235000.0,z3Fo_J3,a3F_J4,7.0,9.0,19828.831183993785,11976.24
5051.2278,2297000.0,y3Do_J3,a3P_J2,7.0,5.0,19797.166938303595,18378.19
5053.0433,46500.0,z5Fo_J4,a5F_J4,9.0,9.0,19790.05404525229,7376.76
5080.6386,738000.0,y5Po_J1,a5P_J2,3.0,5.0,19682.565101166612,17726.99
5081.1557,51900.0,z5Fo_J1,a5F_J2,3.0,5.0,19680.562042214136,7985.78
5084.7552,40600.0,z5Fo_J3,a5F_J3,7.0,7.0,19666.63016540108,7728.06
5100.1194,480000.0,y5Po_J2,a5P_J3,5.0,7.0,19607.384093792,17550.18
5108.8708,41800.0,z5Fo_J2,a5F_J2,5.0,5.0,19573.79701205206,7985.78
5109.0642,195000.0,z3Fo_J2,a3F_J3,5.0,7.0,19573.056059855346,12560.93
5111.8373,4930.0,z7Do_J4,a5D_J4,9.0,9.0,19562.437951614775,0.0
5125.1476,72400.0,z5Fo_J1,a5F_J1,3.0,3.0,19511.633186915435,8154.71
5128.788,11400.0,z5Fo_J5,a5F_J4,11.0,9.0,19497.783881883985,7376.76
5132.8982,260000.0,y5Po_J1,a5P_J1,3.0,3.0,19482.170910773177,17927.38
5143.1715,764900.0,y3Do_J1,a3P_J1,3.0,3.0,19443.255975422944,19552.48
5144.3613,24000.0,z5Fo_J4,a5F_J3,9.0,7.0,19438.75909337861,7728.06
5145.1559,7300.0,y3Fo_J3,a5P_J2,7.0,5.0,19435.757038965523,17726.99
5146.5276,67000.0,y5Po_J2,a5P_J2,5.0,5.0,19430.576841752485,17726.99
5152.2742,33000.0,z5Fo_J3,a5F_J2,7.0,5.0,19408.904906497406,7985.78
5153.3461,23900.0,z5Fo_J2,a5F_J1,5.0,3.0,19404.867839169583,8154.71
5167.721,1450.0,z7Do_J5,a5D_J4,11.0,9.0,19350.889879697454,0.0
5168.9275,2720000.0,z3Do_J3,a3F_J4,7.0,9.0,19346.373111249868,11976.24
5170.3373,3830.0,z7Do_J3,a5D_J3,7.0,7.0,19341.09792024594,415.93
5173.0368,446000.0,z3Fo_J4,a3F_J4,9.0,9.0,19331.00495244882,11976.24
5173.6427,2417.0,x5Do_J3,b3F_J4,7.0,9.0,19328.74104352046,20641.11
5196.3881,287000.0,z3Fo_J3,a3F_J3,7.0,7.0,19244.1361337118,12560.93
5200.1585,362000.0,y5Po_J2,a5P_J1,5.0,3.0,19230.183079996503,17927.38
5203.7844,511000.0,y5Po_J3,a5P_J3,7.0,7.0,19216.783846771206,17550.18
5206.0321,2290.0,z7Do_J2,a5D_J2,5.0,5.0,19208.487016436182,704.01
5217.7263,347000.0,z3Fo_J2,a3F_J2,5.0,5.0,19165.43610192815,12968.55
5223.849,7675.0,y3Fo_J2,a3P_J2,5.0,5.0,19142.972930496268,18378.19
5225.7541,2800.0,y3Fo_J4,a5P_J3,9.0,7.0,19135.994171635437,17550.18
5226.9811,1320.0,z7Do_J1,a5D_J1,3.0,3.0,19131.502120793968,888.13
5228.6053,1396000.0,y3Do_J2,a3P_J1,5.0,3.0,19125.559162019745,19552.48
5228.6444,2890000.0,z3Do_J2,a3F_J3,5.0,7.0,19125.416140367088,12560.93
5236.8718,1946.0,x5Do_J3,b3F_J3,7.0,7.0,19095.369109474857,20874.48
5252.1072,228000.0,y5Po_J3,a5P_J2,7.0,5.0,19039.976944872717,17726.99
5254.4833,2947.0,y5Po_J1,a3P_J2,3.0,5.0,19031.366985218127,18378.19
5267.4018,3232.0,x5Do_J4,b3F_J4,9.0,9.0,18984.691845607827,20641.11
5271.0036,1270000.0,z5Do_J4,a5F_J5,9.0,11.0,18971.719161793022,6928.27
5271.8231,3670000.0,z3Do_J1,a3F_J2,3.0,5.0,18968.770025686183,12968.55
5274.8408,966900.0,y3Do_J1,a3P_J0,3.0,1.0,18957.918123329902,20037.81
5308.8374,34800.0,z3Fo_J3,a3F_J2,7.0,5.0,18836.515881989526,12968.55
5323.5213,54130.0,y3Fo_J3,a3P_J2,7.0,5.0,18784.55900984185,18378.19
5324.9897,1426.0,y5Po_J2,a3P_J2,5.0,5.0,18779.379047437404,18378.19
5329.5208,1150000.0,z5Do_J3,a5F_J4,7.0,9.0,18763.413025801492,7376.76
5330.0137,474000.0,z3Do_J3,a3F_J3,7.0,7.0,18761.677854599133,12560.93
5334.3831,43600.0,z3Fo_J4,a3F_J3,9.0,7.0,18746.31014034219,12560.93
5342.5093,521000.0,z3Do_J2,a3F_J2,5.0,5.0,18717.79614871237,12968.55
5372.9831,1050000.0,z5Do_J2,a5F_J3,5.0,7.0,18611.634940746415,7728.06
5398.6285,258000.0,z5Do_J4,a5F_J4,9.0,9.0,18523.223074156704,7376.76
5407.2775,1090000.0,z5Do_J1,a5F_J2,3.0,5.0,18493.594974550502,7985.78
5431.2057,427000.0,z5Do_J3,a5F_J3,7.0,7.0,18412.117957528288,7728.06
5436.0341,1700000.0,z5Do_J0,a5F_J1,1.0,3.0,18395.763926499283,8154.71
5438.099,9183.0,y5Po_J3,a3P_J2,7.0,5.0,18388.778872911287,18378.19
5438.5949,8859.0,y3Do_J3,a3H_J4,7.0,9.0,18387.102153903757,19788.25
5448.3864,25000.0,z3Do_J3,a3F_J2,7.0,5.0,18354.058001466266,12968.55
5448.4303,548000.0,z5Do_J2,a5F_J2,5.0,5.0,18353.910116093437,7985.78
5457.1254,605000.0,z5Do_J1,a5F_J1,3.0,3.0,18324.66594958584,8154.71
5489.2629,249000.0,z3Go_J4,a5P_J3,9.0,7.0,18217.382155261686,17550.18
5499.0434,62500.0,z5Do_J2,a5F_J1,5.0,3.0,18184.981045976107,8154.71
5502.9934,22000.0,z5Do_J4,a5F_J3,9.0,7.0,18171.9280273896,7728.06
5508.3087,50100.0,z5Do_J3,a5F_J2,7.0,5.0,18154.392835681123,7985.78
5565.2388,18090.0,y3Fo_J2,a3P_J1,5.0,3.0,17968.680876730752,19552.48
5568.9374,364200.0,y3Do_J1,b3F_J2,3.0,5.0,17956.747008863847,21038.99
5583.4511,1945.0,x5Do_J4,a3G_J5,9.0,11.0,17910.06999237443,21715.73
5600.0213,1248.0,y5Po_J1,a3P_J1,3.0,3.0,17857.07493648283,19552.48
5616.8557,356500.0,y3Do_J2,b3F_J3,5.0,7.0,17803.555110023568,20874.48
5669.2396,2208.0,y3Do_J2,b3F_J2,5.0,5.0,17639.049864817847,21038.99
5703.1262,377900.0,y3Do_J3,b3F_J4,7.0,9.0,17534.242885945605,20641.11
5837.1906,1161.0,x5Do_J3,b3P_J2,7.0,5.0,17131.52899273154,22838.32
5854.7721,1596.0,z5Po_J3,a3F_J4,7.0,9.0,17080.08412487994,11976.24
5917.8867,21500.0,y3Fo_J4,a3H_J4,9.0,9.0,16897.92405116509,19788.25
5945.2247,2382.0,y5Fo_J2,a5P_J2,5.0,5.0,16820.22211877038,17726.99
5959.9835,1757.0,y5Fo_J3,a5P_J3,7.0,7.0,16778.569940671812,17550.18
5964.8912,1587.0,y5Fo_J1,a5P_J1,3.0,3.0,16764.76513100524,17927.38
6007.2049,8429.0,y3Fo_J2,b3F_J3,5.0,7.0,16646.67705940911,20874.48
6013.875,16900.0,z3Po_J0,a5P_J1,1.0,3.0,16628.213921972107,17927.38
6016.9094,1349.0,y5Fo_J2,a5P_J1,5.0,3.0,16619.828113084102,17927.38
6023.4567,2994.0,y5Fo_J3,a5P_J2,7.0,5.0,16601.76290467897,17726.99
6064.5263,3164.0,y5Fo_J4,a5P_J3,9.0,7.0,16489.33404740944,17550.18
6067.1615,1163000.0,y3Fo_J2,b3F_J2,5.0,5.0,16482.17209975373,21038.99
6084.3942,16100.0,z3Po_J1,a5P_J1,3.0,3.0,16435.489995043386,17927.38
6086.943,70000.0,y3Do_J2,a3G_J3,5.0,7.0,16428.60792355046,22249.43
6138.3134,1010000.0,z3Go_J3,a3H_J4,7.0,9.0,16291.119967905192,19788.25
6138.6925,66200.0,y5Do_J1,a5P_J2,3.0,5.0,16290.113896403835,17726.99
6139.3901,1120000.0,y3Fo_J3,b3F_J3,7.0,7.0,16288.262900902813,20874.48
6153.3198,17700.0,y5Do_J2,a5P_J3,5.0,7.0,16251.390022017058,17550.18
6165.2494,8400.0,z3Po_J2,a5P_J2,5.0,5.0,16219.943997723756,17726.99
6175.0427,231000.0,y5Do_J0,a5P_J1,1.0,3.0,16194.22000110218,17927.38
6181.9128,56000.0,y3Do_J3,a3G_J4,7.0,9.0,16176.222996869188,21999.13
6189.11,3639.0,y3Do_J1,b3P_J2,3.0,5.0,16157.411970380232,22838.32
6193.2708,740000.0,z3Go_J4,a3H_J5,9.0,11.0,16146.557001834957,19621.01
6201.2216,1573.0,y5Po_J3,b3F_J4,7.0,9.0,16125.854944451588,20641.11
6202.0281,90670.0,y3Fo_J3,b3F_J2,7.0,5.0,16123.757968784435,21038.99
6215.1486,190000.0,y5Do_J1,a5P_J1,3.0,3.0,16089.719882160178,17927.38
6221.0012,127000.0,y5Do_J2,a5P_J2,5.0,5.0,16074.582978701243,17726.99
6230.9493,90000.0,y3Do_J1,b3P_J1,3.0,3.0,16048.918902293108,22946.81
6232.4459,1130000.0,y3Fo_J4,b3F_J4,9.0,9.0,16045.065068274398,20641.11
6242.3726,23000.0,z3Po_J2,a5P_J1,5.0,3.0,16019.550002510265,17927.38
6254.2846,319000.0,z3Go_J5,a3H_J6,11.0,13.0,15989.038938202459,19390.17
6255.9878,213600.0,z3Po_J1,a3P_J2,3.0,5.0,15984.68590363939,18378.19
6258.0917,74000.0,z3Go_J4,a3H_J4,9.0,9.0,15979.312032132735,19788.25
6266.8653,68400.0,y5Do_J3,a5P_J3,7.0,7.0,15956.94102440657,17550.18
6271.9577,139000.0,y3Do_J1,b3P_J0,3.0,1.0,15943.985081404486,23051.75
6279.0705,2610.0,y3Do_J3,a3G_J3,7.0,7.0,15925.924067901451,22249.43
6292.283,1028.0,y5Po_J3,b3F_J3,7.0,7.0,15892.482903264203,20874.48
6299.5344,61200.0,y5Do_J2,a5P_J1,5.0,3.0,15874.189051178133,17927.38
6313.2449,24200.0,y3Do_J2,b3P_J2,5.0,5.0,15839.715009313199,22838.32
6319.7651,380000.0,z5Go_J3,a3H_J4,7.0,9.0,15823.372928845092,19788.25
6324.4334,67450.0,y3Fo_J4,b3F_J3,9.0,7.0,15811.693107559644,20874.48
6337.0818,158000.0,y5Do_J3,a5P_J2,7.0,5.0,15780.13400426676,17726.99
6345.902,18000.0,z3Go_J5,a3H_J5,11.0,11.0,15758.201119399573,19621.01
6356.7853,169000.0,y3Do_J2,b3P_J1,5.0,3.0,15731.221880342568,22946.81
6394.3051,1669.0,y5Do_J1,a3P_J2,3.0,5.0,15638.91594725438,18378.19
6395.3679,480000.0,z5Go_J4,a3H_J5,9.0,11.0,15636.317028767024,19621.01
6423.1249,349200.0,z3Po_J2,a3P_J2,5.0,5.0,15568.745985306934,18378.19
6432.6226,177000.0,y5Do_J4,a5P_J3,9.0,7.0,15545.758894669183,17550.18
6464.4989,97000.0,z7Fo_J5,a5F_J4,11.0,9.0,15469.103104031778,7376.76
6464.5119,56000.0,z5Go_J4,a3H_J4,9.0,9.0,15469.071995984723,19788.25
6477.4135,50420.0,z3Go_J3,b3F_J4,7.0,9.0,15438.2609663564,20641.11
6483.661,5680.0,y5Do_J2,a3P_J2,5.0,5.0,15423.38502892116,18378.19
6496.7751,766000.0,z5Go_J5,a3H_J6,11.0,13.0,15392.252072878435,19390.17
6520.1668,113000.0,y3Do_J3,b3P_J2,7.0,5.0,15337.030948349358,22838.32
6548.0466,910000.0,y3Fo_J2,a3G_J3,5.0,7.0,15271.730045415377,22249.43
6576.832,47140.0,z3Go_J3,b3F_J3,7.0,7.0,15204.88891916351,20874.48
6594.7335,740000.0,y3Fo_J3,a3G_J4,7.0,9.0,15163.61502705151,21999.13
6595.6909,52800.0,z5Go_J5,a3H_J5,11.0,11.0,15161.413946793655,19621.01
6609.8502,1084.0,y5Do_J3,a3P_J2,7.0,5.0,15128.935902359783,18378.19
6610.9352,40530.0,z3Go_J4,b3F_J4,9.0,9.0,15126.452910928547,20641.11
6665.2812,572000.0,z3Po_J0,a3P_J1,1.0,3.0,15003.117947971947,19552.48
6679.7974,4164.0,z5Go_J3,b3F_J4,7.0,9.0,14970.51392606608,20641.11
6679.829,634000.0,y3Fo_J4,a3G_J5,9.0,11.0,14970.44310565435,21715.73
6705.4168,18000.0,y3Fo_J3,a3G_J3,7.0,7.0,14913.31605218038,22249.43
6714.5274,2614.0,z3Go_J4,b3F_J3,9.0,7.0,14893.080933737794,20874.48
6748.816,1066.0,z5Go_J2,b3F_J2,5.0,5.0,14817.413898971316,21038.99
6752.0148,140500.0,z3Po_J1,a3P_J1,3.0,3.0,14810.394076742843,19552.48
6808.7216,120000.0,y3Fo_J4,a3G_J4,9.0,9.0,14687.044921913093,21999.13
6841.7175,1263.0,z5Go_J4,b3F_J4,9.0,9.0,14616.212961146088,20641.11
6862.8382,1874.0,y5Po_J1,b3P_J2,3.0,5.0,14571.230893947055,22838.32
6863.8307,7716.0,y5Do_J0,a3P_J1,1.0,3.0,14569.123915017308,19552.48
6877.3426,1156.0,y5Fo_J3,a3H_J4,7.0,9.0,14540.499989051003,19788.25
6913.4186,1582.0,y5Do_J1,a3P_J1,3.0,3.0,14464.623912690606,19552.48
6935.5299,3297.0,y5Fo_J4,a3H_J5,9.0,11.0,14418.508959207284,19621.01
6947.1201,116900.0,z3Po_J2,a3P_J1,5.0,3.0,14394.453897522228,19552.48
6972.396,20330.0,y3Do_J2,c3P_J2,5.0,5.0,14342.272010941433,24335.76
6973.8552,12500.0,y3Do_J2,b3G_J3,5.0,7.0,14339.271053405295,24338.76
6980.7755,175700.0,z3Po_J1,a3P_J0,3.0,1.0,14325.056005597087,20037.81
6981.084,1159.0,y3Fo_J3,b3P_J2,7.0,5.0,14324.422969269528,22838.32
6990.4513,2531.0,y5Fo_J5,a3H_J6,11.0,13.0,14305.2280472936,19390.17
7017.9905,4984.0,y5Do_J2,a3P_J1,5.0,3.0,14249.09309865837,19552.48
7030.5111,28110.0,y3Do_J1,c3P_J1,3.0,3.0,14223.716964190555,24772.02
7102.1512,2324.0,z3Go_J3,a3G_J4,7.0,9.0,14080.24092756572,21999.13
7114.1288,19300.0,y3Do_J3,b3G_J4,7.0,9.0,14056.5349336942,24118.82
7116.5103,4844.0,z3Go_J4,a3G_J5,9.0,11.0,14051.830993626189,21715.73
7153.4412,3380.0,y5Do_J1,a3P_J0,3.0,1.0,13979.28594142914,20037.81
7191.1302,37000.0,y3Do_J2,c3P_J1,5.0,3.0,13906.01994662814,24772.02
7192.1046,87690.0,y3Do_J1,c3P_J0,3.0,1.0,13904.135932616999,25091.6
7225.6486,113000.0,y3Do_J3,c3P_J2,7.0,5.0,13839.588047500676,24335.76
7260.8823,1104.0,z3Do_J3,a5P_J3,7.0,7.0,13772.430934460954,17550.18
7432.5852,2173.0,y5Fo_J3,b3F_J3,7.0,7.0,13454.268913055985,20874.48
7463.575,3459.0,y5Fo_J4,b3F_J4,9.0,9.0,13398.404919894287,20641.11
7473.7985,1346.0,z3Go_J5,a3G_J4,11.0,9.0,13380.077078610027,21999.13
7514.1845,2358.0,z3Do_J2,a3P_J2,5.0,5.0,13308.164046278076,18378.19
7585.8761,300000.0,y3Fo_J2,b3G_J3,5.0,7.0,13182.393000064949,24338.76
7666.4029,340000.0,y3Fo_J3,b3G_J4,7.0,9.0,13043.927028672077,24118.82
7725.3329,27780.0,z3Do_J3,a3P_J2,7.0,5.0,12944.42599360346,18378.19
7750.4017,219000.0,y3Fo_J4,b3G_J5,9.0,11.0,12902.557037785537,23783.62
7943.2723,200200.0,y3Do_J1,a3D_J1,3.0,3.0,12589.270041768556,26406.46
7944.0163,2567.0,y3Fo_J3,a1G_J4,7.0,9.0,12588.09098868541,24574.65
7957.1226,2587.0,y3Fo_J4,b3G_J4,9.0,9.0,12567.356948854855,24118.82
8030.149,33930.0,y3Do_J2,a3D_J3,5.0,7.0,12453.069052641487,26224.97
8074.3838,11050.0,z3Do_J1,a3P_J1,3.0,3.0,12384.846011407088,19552.48
8082.7675,66700.0,y3Do_J1,a3D_J2,3.0,5.0,12372.0000606228,26623.73
8110.5494,1811.0,y5Fo_J3,a3G_J4,7.0,9.0,12329.620974875019,21999.13
8114.3915,2184.0,y5Fo_J4,a3G_J5,9.0,11.0,12323.782997160046,21715.73
8131.5483,1049.0,y5Fo_J2,a3G_J3,5.0,7.0,12297.780977332446,22249.43
8148.9146,5806.0,y3Do_J2,a3D_J1,5.0,3.0,12271.572952795455,26406.46
8241.3924,30440.0,z3Do_J2,a3P_J1,5.0,3.0,12133.871941348163,19552.48
8295.7928,173100.0,y3Do_J2,a3D_J2,5.0,5.0,12054.302995610016,26623.73
8329.3443,957000.0,z5Po_J1,a5P_J2,3.0,5.0,12005.74695897731,17726.99
8344.4976,5865.0,z3Go_J4,b3G_J5,9.0,11.0,11983.944965122884,23783.62
8360.8174,9760.0,z3Go_J3,b3G_J4,7.0,9.0,11960.553043533759,24118.82
8367.9312,166000.0,y3Do_J3,a3D_J3,7.0,7.0,11950.385060527266,26224.97
8390.0768,609000.0,z5Po_J2,a5P_J3,5.0,7.0,11918.84203014685,17550.18
8403.7088,23140.0,z3Do_J1,a3P_J0,3.0,1.0,11899.50798866329,20037.81
8436.0955,1525.0,y5Fo_J1,b3P_J2,3.0,5.0,11853.825030785867,22838.32
8470.7336,263000.0,z5Po_J1,a5P_J1,3.0,3.0,11805.352962581659,17927.38
8516.4113,109000.0,z5Po_J2,a5P_J2,5.0,5.0,11742.035051782903,17726.99
8517.4486,111000.0,z3Go_J3,b3G_J3,7.0,7.0,11740.605044566984,24338.76
8584.6158,74000.0,z3Go_J4,b3G_J4,9.0,9.0,11648.744956064313,24118.82
8614.1689,1270000.0,z3Po_J0,b3P_J1,1.0,3.0,11608.780970152557,22946.81
8623.969,39000.0,z3Go_J5,b3G_J5,11.0,11.0,11595.588991565253,23783.62
8656.7952,3700.0,y3Do_J3,a3D_J2,7.0,5.0,11551.619010231407,26623.73
8664.2792,516000.0,z5Po_J2,a5P_J1,5.0,3.0,11541.640994209882,17927.38
8677.1284,620000.0,z3Po_J1,b3P_J2,3.0,5.0,11524.549988219605,22838.32
8691.0104,774000.0,z5Po_J3,a5P_J3,7.0,7.0,11506.14202463732,17550.18
8692.0869,2586.0,z3Go_J3,a1G_J4,7.0,9.0,11504.71700875425,24574.65
8701.0953,3826.0,z5Go_J3,b3G_J4,7.0,9.0,11492.805968922095,24118.82
8715.5805,33300.0,z5Go_J4,b3G_J5,9.0,11.0,11473.705050397963,23783.62
8731.5411,39370.0,y3Do_J1,a1P_J1,3.0,3.0,11452.731981070328,27543.0
8749.8273,6486.0,z3Go_J4,b3G_J3,9.0,7.0,11428.797000370509,24338.76
8759.5919,352000.0,z3Po_J1,b3P_J1,3.0,3.0,11416.05695123765,22946.81
8807.0429,16220.0,z5Po_J1,a3P_J2,3.0,5.0,11354.54898261027,18378.19
8826.6434,353000.0,z5Po_J3,a5P_J2,7.0,5.0,11329.334999531076,17726.99
8840.8551,383000.0,z3Po_J1,b3P_J0,3.0,1.0,11311.123060935586,23051.75
8870.8649,13440.0,z5Go_J3,b3G_J3,7.0,7.0,11272.857959994408,24338.76
8880.6879,3306.0,z3Go_J5,b3G_J4,11.0,9.0,11260.388961535287,24118.82
8934.2279,5636.0,z3Go_J4,a1G_J4,9.0,9.0,11192.909014555136,24574.65
8945.52,13110.0,y5Do_J1,b3P_J2,3.0,5.0,11178.77999266672,22838.32
8948.7164,26650.0,y5Do_J0,b3P_J1,1.0,3.0,11174.787034261137,22946.81
8977.8655,56000.0,z5Go_J4,b3G_J4,9.0,9.0,11138.505026612394,24118.82
8980.6633,5707.0,y3Do_J2,a1P_J1,5.0,3.0,11135.03498121347,27543.0
8997.098,10610.0,y3Fo_J2,a3D_J1,5.0,3.0,11114.694982759996,26406.46
9002.0264,1060000.0,z3Po_J2,b3P_J2,5.0,5.0,11108.609945867298,22838.32
9013.0665,1056.0,z3Fo_J2,b3F_J2,5.0,5.0,11095.003015899194,21038.99
9016.452,2412.0,z5Po_J2,a3P_J2,5.0,5.0,11090.83706096367,18378.19
9033.1895,6540.0,y5Do_J1,b3P_J1,3.0,3.0,11070.28696785338,22946.81
9090.8124,220000.0,z3Po_J2,b3P_J1,5.0,3.0,11000.116997244382,22946.81
9091.8993,155000.0,z5Go_J5,b3G_J5,11.0,11.0,10998.801977492207,23783.62
9119.6334,9758.0,y5Do_J1,b3P_J0,3.0,1.0,10965.353059038534,23051.75
9121.3836,123000.0,y5Do_J2,b3P_J2,5.0,5.0,10963.249040419703,22838.32
9142.6256,7741.0,y3Fo_J3,a3D_J3,7.0,7.0,10937.776999202506,26224.97
9148.6387,1115.0,z3Fo_J3,b3F_J3,7.0,7.0,10930.587957309977,20874.48
9158.7194,1696.0,z5Go_J4,b3G_J3,9.0,7.0,10918.55702010043,24338.76
9175.7119,4120.0,z3Do_J1,b3F_J2,3.0,5.0,10898.33694538731,21038.99
9176.4798,5513.0,y3Fo_J2,a3D_J2,5.0,5.0,10897.424958097767,26623.73
9212.5516,62000.0,y5Do_J2,b3P_J1,5.0,3.0,10854.756026549689,22946.81
9249.0955,3680.0,z3Do_J2,b3F_J3,5.0,7.0,10811.86803617716,20874.48
9360.9565,1404.0,z5Go_J4,a1G_J4,9.0,9.0,10682.669019987432,24574.65
9361.9792,3164.0,z3Do_J3,b3F_J4,7.0,9.0,10681.50204819938,20641.11
9364.9295,3379.0,z5Po_J3,a3P_J2,7.0,5.0,10678.136979034385,18378.19
9375.4682,1121.0,z3Fo_J4,b3F_J4,9.0,9.0,10666.133985713908,20641.11
9377.6943,2358.0,z5Go_J5,b3G_J4,11.0,9.0,10663.60203275127,24118.82
9488.5564,11750.0,y3Fo_J3,a3D_J2,7.0,5.0,10539.010971152578,26623.73
9559.1264,18170.0,y3Fo_J4,a3D_J3,9.0,7.0,10461.206998999407,26224.97
9927.1102,9963.0,y3Do_J2,a1D_J2,5.0,5.0,10073.42499330772,28604.61
